sequence,true_label,mean_score
ILRVTAEDKGTGNKNKITITNDQNR,1,0.9406661391258241
LRVTAEDKGTGNKNKITITNDQNRL,1,0.9306468963623048
VKFSPNGEWLASSSADKLIKIWGAY,1,0.9291625022888184
GILNVTATDKSTGKANKITITNDKG,1,0.925938367843628
DANGILNVTATDKSTGKANKITITN,1,0.92565655708313
ANGILNVTATDKSTGKANKITITND,1,0.9232263565063475
SVKFSPNGEWLASSSADKLIKIWGA,1,0.9215237498283386
SSVKFSPNGEWLASSSADKLIKIWG,1,0.9215237498283386
ILNVTATDKSTGKANKITITNDKGR,1,0.9212024807929992
VSSVKFSPNGEWLASSSADKLIKIW,1,0.9210306406021118
RVTAEDKGTGNKNKITITNDQNRLT,1,0.9209140539169312
SVWNQQVLGRKTGTASVHKVTIKID,1,0.9202585220336914
GILNVSAVDKSTGKENKITITNDKG,1,0.9183117151260376
AVHFNRDGSLIVSSSYDGLCRIWDT,1,0.9182788133621216
ILNVSAVDKSTGKENKITITNDKGR,1,0.9181349277496338
NGILNVTATDKSTGKANKITITNDK,1,0.917388916015625
LSVWNQQVLGRKTGTASVHKVTIKI,1,0.9155643582344056
VTAEDKGTGNKNKITITNDQNRLTP,1,0.915370225906372
VSAVHFNRDGSLIVSSSYDGLCRIW,1,0.914528489112854
ANGILNVSAVDKSTGKENKITITND,1,0.9136815071105956
